{
  "camera_data": {},
  "objects": [
    {
      "class": "cracker",
      "location": [
        -50.47817843457503,
        -39.86962735869467,
        185.5641903866985
      ],
      "quaternion_xyzw": [
        -0.5174107253902246,
        -0.39214135385627197,
        0.37040684298865856,
        0.6643117269129809
      ],
      "projected_cuboid": [
        [
          175.2904535847861,
          142.96108796447714
        ],
        [
          153.28732217013876,
          98.1713313870828
        ],
        [
          127.23650033889706,
          94.68486689741391
        ],
        [
          152.16980856591132,
          144.80642220110144
        ],
        [
          193.59953799171848,
          134.0035829603645
        ],
        [
          171.68158222895445,
          88.84981360102466
        ],
        [
          147.67518308264488,
          84.21883109106969
        ],
        [
          172.5057149467828,
          134.79657399887753
        ],
        [
          162.3853718116986,
          115.50984035029006
        ]
      ]
    }
  ]
}