{
  "camera_data": {},
  "objects": [
    {
      "class": "cracker",
      "location": [
        -51.05231369333382,
        -39.970712249809964,
        186.19579320301875
      ],
      "quaternion_xyzw": [
        -0.5412768532799266,
        -0.1560664859508571,
        0.5483292146389249,
        0.6180596188393087
      ],
      "projected_cuboid": [
        [
          183.31017109799922,
          152.30449243162525
        ],
        [
          171.1569409934972,
          114.9021998658542
        ],
        [
          121.86746490999622,
          89.82527117339404
        ],
        [
          133.4158222987318,
          130.11446681101876
        ],
        [
          198.59886094834502,
          140.22719522372165
        ],
        [
          185.77419834404103,
          102.72990020165261
        ],
        [
          137.22607762497586,
          76.0677802023458
        ],
        [
          149.53465387664232,
          116.44535955839832
        ],
        [
          161.1334065885982,
          115.61756888240988
        ]
      ]
    }
  ]
}