{
  "camera_data": {},
  "objects": [
    {
      "class": "Ketchup",
      "location": [
        0.07359767422416878,
        0.008633980449760673,
        0.4820331722257359
      ],
      "quaternion_xyzw": [
        0.8956211535603219,
        0.0071681681030914155,
        0.19822458875418958,
        0.3981436663750368
      ],
      "projected_cuboid": [
        [
          485.43133127714805,
          307.1368565745015
        ],
        [
          409.50178114972493,
          295.10338856675713
        ],
        [
          366.4195430207953,
          168.53063766593021
        ],
        [
          429.0227012817287,
          183.5118969736617
        ],
        [
          455.8605874601242,
          342.63824208468515
        ],
        [
          383.00459310024144,
          333.19507891477963
        ],
        [
          347.27454682317324,
          205.25266493022642
        ],
        [
          407.7166189931582,
          218.05324207089197
        ],
        [
          408.4655501318969,
          250.3781789080679
        ]
      ]
    }
  ]
}